Project,Season,State,City,Location,Address,Date,Map,Confirmed,REP(s),Assignment
"TRI-S6-001","Season 6","Maharashtra","Mumbai, National Finals","","Mumbai, National Finals, Maharashtra","25 Jan 2026","https://www.google.com/maps/search/?api=1&query=Mumbai%2C%20National%20Finals%2C%20Maharashtra","No","","Unassigned"
"IKF-S6-002","Season 6","West Bengal","Kolkata, South Dum - Dum Futsal","","Kolkata, South Dum - Dum Futsal, West Bengal","31 Jan 2026","https://www.google.com/maps/search/?api=1&query=Kolkata%2C%20South%20Dum%20-%20Dum%20Futsal%2C%20West%20Bengal","Yes","","Unassigned"
"IKF-S6-002","Season 6","Haryana","Rohtak","","Rohtak, Haryana","13 Feb 2026","https://www.google.com/maps/search/?api=1&query=Rohtak%2C%20Haryana","Yes","","Unassigned"
"TRI-S6-001","Season 6","Kerala","Idukki","Kumily VHSS Ground","Kumily VHSS Ground","14 Feb 2026","https://maps.app.goo.gl/ao4A9wKtwVUmsGdG9?g_st=aw","Yes","Masterpeice Football Academy","Assigned"
"IKF-S6-002","Season 6","Karnataka","Bengaluru, One Football Championship","","Bengaluru, One Football Championship, Karnataka","15 Feb 2026","https://www.google.com/maps/search/?api=1&query=Bengaluru%2C%20One%20Football%20Championship%2C%20Karnataka","Yes","","Unassigned"
"IKF-S6-002","Season 6","Tamil Nadu","Ranipet","","Ranipet, Tamil Nadu","22 Mar 2026","https://www.google.com/maps/search/?api=1&query=Ranipet%2C%20Tamil%20Nadu","Yes","","Unassigned"
"IKF-S6-001","Season 6","Uttar Pradesh","Mathura","","Mathura, Uttar Pradesh","22 Mar 2026","https://www.google.com/maps/search/?api=1&query=Mathura%2C%20Uttar%20Pradesh","Yes","Braj Sports Foundation","Assigned"
"TRI-S6-001","Season 6","Uttar Pradesh","Mathura","Ganeshra Stadium","Ganeshra Stadium, Keshonpur Manoharpur Dehat, Mathura, Uttar Pradesh","29 Mar 2026","https://maps.app.goo.gl/Ypxqsrq8nTKTMxrx9?g_st=ic","Yes","Braj Sports Foundation","Assigned"
"TRI-S6-001","Season 6","West Bengal","Budge Budge","Pujali municipality play ground","Pujali municipality play ground","29 Mar 2026","https://maps.app.goo.gl/fgU2y6RVTwfVVujr5?g_st=aw","Yes","Dreams 11 FC","Assigned"
"TRI-S6-001","Season 6","Haryana","Gurgaon","Fast FC","Fast FC, Sector 58, beside Heritage International School, Golf Course Extension Road, Gurugram","04 Apr 2026","https://maps.app.goo.gl/Jg2qrtobYokcuzFg8?g_st=iw","Yes","Fast FC","Assigned"
"IKF-S6-001","Season 6","Maharashtra","Pune","TopPlay Keshavnagar","TopPlay Keshavnagar, Shree Datta Colony St, Hanuman Nagar, Pune, 411036","12 Apr 2026","https://www.google.com/maps/place/TopPlay+Keshavnagar/@18.5320341,73.9505977,854m/data=!3m2!1e3!4b1!4m6!3m5!1s0x3bc2c336925a7a8d:0x6d67ad170134471c!8m2!3d18.5320341!4d73.9505977!16s%2Fg%2F11vf73xm63!5m1!1e1!17m2!4m1!1e3!18m1!1e1?entry=ttu&g_ep=EgoyMDI2MDMwNC4xIKXMDSoASAFQAw%3D%3D","Yes","Pune Pioneers","Assigned"
"IKF-S6-008","Season 6","Rajasthan","Jaipur","","Jaipur, Rajasthan","19 Apr 2026","https://www.google.com/maps/search/?api=1&query=Jaipur%2C%20Rajasthan","No","","Unassigned"
"IKF-S6-007","Season 6","Uttar Pradesh","Gorakhpur, The North India School Workshop","","Gorakhpur, The North India School Workshop, Uttar Pradesh","20 Apr 2026","https://www.google.com/maps/search/?api=1&query=Gorakhpur%2C%20The%20North%20India%20School%20Workshop%2C%20Uttar%20Pradesh","Yes","","Unassigned"
"IKF-S6-007","Season 6","Uttar Pradesh","Gorakhpur, Mahatama Gandhi Inter College Workshop","","Gorakhpur, Mahatama Gandhi Inter College Workshop, Uttar Pradesh","21 Apr 2026","https://www.google.com/maps/search/?api=1&query=Gorakhpur%2C%20Mahatama%20Gandhi%20Inter%20College%20Workshop%2C%20Uttar%20Pradesh","Yes","","Unassigned"
"IKF-S6-007","Season 6","Uttar Pradesh","Gorakhpur, Army Public School Workshop","","Gorakhpur, Army Public School Workshop, Uttar Pradesh","22 Apr 2026","https://www.google.com/maps/search/?api=1&query=Gorakhpur%2C%20Army%20Public%20School%20Workshop%2C%20Uttar%20Pradesh","Yes","","Unassigned"
"IKF-S6-007","Season 6","Uttar Pradesh","Gorakhpur, Naval's Nationals Academy Workshop","","Gorakhpur, Naval's Nationals Academy Workshop, Uttar Pradesh","23 Apr 2026","https://www.google.com/maps/search/?api=1&query=Gorakhpur%2C%20Naval's%20Nationals%20Academy%20Workshop%2C%20Uttar%20Pradesh","Yes","","Unassigned"
"IKF-S6-007","Season 6","Uttar Pradesh","Gorakhpur, LFS GIDA Workshop","","Gorakhpur, LFS GIDA Workshop, Uttar Pradesh","24 Apr 2026","https://www.google.com/maps/search/?api=1&query=Gorakhpur%2C%20LFS%20GIDA%20Workshop%2C%20Uttar%20Pradesh","Yes","","Unassigned"
"IKF-S6-007","Season 6","Uttar Pradesh","Gorakhpur, Girls","","Gorakhpur, Girls, Uttar Pradesh","25 Apr 2026","https://www.google.com/maps/search/?api=1&query=Gorakhpur%2C%20Girls%2C%20Uttar%20Pradesh","Yes","","Unassigned"
"IKF-S6-007","Season 6","Uttar Pradesh","Gorakhpur, Boys","","Gorakhpur, Boys, Uttar Pradesh","26 Apr 2026","https://www.google.com/maps/search/?api=1&query=Gorakhpur%2C%20Boys%2C%20Uttar%20Pradesh","Yes","","Unassigned"
"IKF-S6-001","Season 6","Bihar","Siwan","Rani Laxmibai Sports Academy","Rani Laxmibai Sports Academy, Himeshwar sports complex lachhimipur,Mairwa,bihar","26 Apr 2026","https://maps.app.goo.gl/byYzXGfqpzXTDDkn8","Yes","Rani Laxmibai Sports Academy","Assigned"
"TRI-S6-001","Season 6","Madhya Pradesh","Gwalior","Gwalior city FC","Gwalior city FC, Football Ground Jiwaji Centreway
City Center, Jiwaji University, Mahalgaon, Gwalior, Madhya Pradesh 474011","30 Apr 2026","https://maps.app.goo.gl/AR1unF6CyTzXru7t5?g_st=aw","Yes","Gwalior City FC","Assigned"
"TRI-S6-001","Season 6","Chhattisgarh","Bhilai","Football Turf Ground","Football Turf Ground, Sector 2, Bhilai, Chhattisgarh","02 May 2026","https://maps.app.goo.gl/jAdtfsQb4BYZ72xS7?g_st=com.google.maps.preview.copy","Yes","Lemon Break FC","Assigned"
"TRI-S6-001","Season 6","Jharkhand","Pakur","District Level Stadium Bank Colony Pakur Jharkhand","District Level Stadium Bank Colony Pakur Jharkhand","02 May 2026","https://maps.app.goo.gl/xcaGeVfZTCuF89oq8?g_st=aw","Yes","Salience Foundation","Assigned"
"TRI-S6-001","Season 6","Jharkhand","Bundu","Ramesh Singh Munda Smarak + 2 High School","Ramesh Singh Munda Smarak + 2 High School, Bundu, Ranchi","10 May 2026","https://maps.app.goo.gl/YsAH9XdeZi51N2Rr5","Yes","Salience Foundation","Assigned"
"IKF-S6-002","Season 6","Goa","South Goa, Goa Super Cup","","South Goa, Goa Super Cup, Goa","11 May 2026","https://www.google.com/maps/search/?api=1&query=South%20Goa%2C%20Goa%20Super%20Cup%2C%20Goa","Yes","","Unassigned"
"IKF-S6-005","Season 6","Assam","Silchar","Joypur Block Ground","Joypur Block Ground, Rajabazar, Assam, 788107","31 May 2026","https://share.google/yrXdB5tpGXCGQPxQs","Yes","Robin Khaidem Academy FC","Assigned"
"IKF-S6-004","Season 6","Karnataka","Mangaluru","Smart City Nehru Maidan","Smart City Nehru Maidan","31 May 2026","https://maps.app.goo.gl/oyqH16gYiFzYoTeF7?g_st=aw","Yes","Goal Academy","Assigned"
"TRI-S6-001","Season 6","Uttar Pradesh","Bareilly","Sri Ram Murti Smarak College of Engineering and Technology Nanital Road","Sri Ram Murti Smarak College of Engineering and Technology Nanital Road, Bhojpuria, Bareilly","06 Jun 2026","https://maps.app.goo.gl/BzHBV5zqbMiPhU5A8?g_st=com.google.maps.preview.copy","Yes","RK Football Club","Assigned"
"IKF-S6-005","Season 6","Assam","Tinsukia","Margherita College","Margherita College, Segunbari, Assam, 786187","21 Jun 2026","https://share.google/QNwYwVM8izUQXLlZX","Yes","Baragolai Sports Academy Foundation","Assigned"
"IKF-S6-001","Season 6","Haryana","Fatehabad, Dhingsara","","Fatehabad, Dhingsara, Haryana","27 Jun 2026","https://www.google.com/maps/search/?api=1&query=Fatehabad%2C%20Dhingsara%2C%20Haryana","Yes","Dhingsara Football Club","Assigned"
"TRI-S6-001","Season 6","Uttar Pradesh","Ghaziabad","Dehradun Public School","Dehradun Public School, Madhuban Bapudham, Sadarpur, Ghaziabad, Uttar Pradesh 201013","27 Jun 2026","https://maps.app.goo.gl/7YvQE2cDUwKgKexv8","Yes","Memphis Tigers FC","Assigned"
"IKF-S6-006","Season 6","Madhya Pradesh","Singrauli","","Singrauli, Madhya Pradesh","03 Jul 2026","https://www.google.com/maps/search/?api=1&query=Singrauli%2C%20Madhya%20Pradesh","Yes","","Unassigned"
"IKF-S6-001","Season 6","Bihar","Begusarai","Yamuna Bhagat Stadium","Yamuna Bhagat Stadium, Barauni, Begusarai, Bihar - 851113","05 Jul 2026","https://maps.app.goo.gl/85Yio9bMRKuVjeJu6?g_st=ic","Yes","Kridanta","Assigned"
"IKF-S6-008","Season 6","Andhra Pradesh","Rajahmundry","","Rajahmundry, Andhra Pradesh","10 Jul 2026","https://www.google.com/maps/search/?api=1&query=Rajahmundry%2C%20Andhra%20Pradesh","No","","Unassigned"
"IKF-S6-008","Season 6","Madhya Pradesh","Barwani","","Barwani, Madhya Pradesh","10 Jul 2026","https://www.google.com/maps/search/?api=1&query=Barwani%2C%20Madhya%20Pradesh","No","","Unassigned"
"IKF-S6-008","Season 6","Madhya Pradesh","Bhopal","","Bhopal, Madhya Pradesh","10 Jul 2026","https://www.google.com/maps/search/?api=1&query=Bhopal%2C%20Madhya%20Pradesh","No","","Unassigned"
"IKF-S6-008","Season 6","Madhya Pradesh","Dhar","","Dhar, Madhya Pradesh","10 Jul 2026","https://www.google.com/maps/search/?api=1&query=Dhar%2C%20Madhya%20Pradesh","No","","Unassigned"
"IKF-S6-008","Season 6","Madhya Pradesh","Gwalior","","Gwalior, Madhya Pradesh","10 Jul 2026","https://www.google.com/maps/search/?api=1&query=Gwalior%2C%20Madhya%20Pradesh","No","","Unassigned"
"IKF-S6-008","Season 6","Madhya Pradesh","Indore","Parasrampuriya Academy","Parasrampuriya Academy, Rajmohalla near Gangwal Bus Stand, Indore, 452002","10 Jul 2026","https://maps.app.goo.gl/XwbTwcdTvgZCfsCi9?g_st=iw","No","Best Stars","Assigned"
"IKF-S6-008","Season 6","Madhya Pradesh","Shahdol","","Shahdol, Madhya Pradesh","10 Jul 2026","https://www.google.com/maps/search/?api=1&query=Shahdol%2C%20Madhya%20Pradesh","No","","Unassigned"
"IKF-S6-008","Season 6","Madhya Pradesh","Singrauli","Vijay Stadium","Vijay Stadium, Jayant, Singrauli","10 Jul 2026","https://maps.app.goo.gl/m9jLtSRugHNoGvWP6","No","Braj Sports Foundation","Assigned"
"IKF-S6-008","Season 6","Rajasthan","Ajmer","","Ajmer, Rajasthan","10 Jul 2026","https://www.google.com/maps/search/?api=1&query=Ajmer%2C%20Rajasthan","No","","Unassigned"
"IKF-S6-008","Season 6","Rajasthan","Jaisalmer","","Jaisalmer, Rajasthan","10 Jul 2026","https://www.google.com/maps/search/?api=1&query=Jaisalmer%2C%20Rajasthan","No","","Unassigned"
"IKF-S6-008","Season 6","Rajasthan","Jodhpur","","Jodhpur, Rajasthan","10 Jul 2026","https://www.google.com/maps/search/?api=1&query=Jodhpur%2C%20Rajasthan","No","","Unassigned"
"IKF-S6-008","Season 6","Rajasthan","Kekri","","Kekri, Rajasthan","10 Jul 2026","https://www.google.com/maps/search/?api=1&query=Kekri%2C%20Rajasthan","No","","Unassigned"
"IKF-S6-008","Season 6","Rajasthan","Udaipur","","Udaipur, Rajasthan","10 Jul 2026","https://www.google.com/maps/search/?api=1&query=Udaipur%2C%20Rajasthan","No","","Unassigned"
"IKF-S6-006","Season 6","Madhya Pradesh","Balaghat","","Balaghat, Madhya Pradesh","10 Jul 2026","https://www.google.com/maps/search/?api=1&query=Balaghat%2C%20Madhya%20Pradesh","No","","Unassigned"
"IKF-S6-006","Season 6","Madhya Pradesh","Barwani","","Barwani, Madhya Pradesh","10 Jul 2026","https://www.google.com/maps/search/?api=1&query=Barwani%2C%20Madhya%20Pradesh","No","","Unassigned"
"IKF-S6-006","Season 6","Madhya Pradesh","Bhopal","","Bhopal, Madhya Pradesh","10 Jul 2026","https://www.google.com/maps/search/?api=1&query=Bhopal%2C%20Madhya%20Pradesh","No","","Unassigned"
"IKF-S6-006","Season 6","Madhya Pradesh","Dewas","","Dewas, Madhya Pradesh","10 Jul 2026","https://www.google.com/maps/search/?api=1&query=Dewas%2C%20Madhya%20Pradesh","No","","Unassigned"
"IKF-S6-006","Season 6","Madhya Pradesh","Khargone","","Khargone, Madhya Pradesh","10 Jul 2026","https://www.google.com/maps/search/?api=1&query=Khargone%2C%20Madhya%20Pradesh","No","","Unassigned"
"IKF-S6-006","Season 6","Madhya Pradesh","Raisen","","Raisen, Madhya Pradesh","10 Jul 2026","https://www.google.com/maps/search/?api=1&query=Raisen%2C%20Madhya%20Pradesh","No","","Unassigned"
"IKF-S6-006","Season 6","Madhya Pradesh","Ratlam","","Ratlam, Madhya Pradesh","10 Jul 2026","https://www.google.com/maps/search/?api=1&query=Ratlam%2C%20Madhya%20Pradesh","No","","Unassigned"
"IKF-S6-006","Season 6","Madhya Pradesh","Shahdol","","Shahdol, Madhya Pradesh","10 Jul 2026","https://www.google.com/maps/search/?api=1&query=Shahdol%2C%20Madhya%20Pradesh","No","","Unassigned"
"IKF-S6-006","Season 6","Rajasthan","Alwar","","Alwar, Rajasthan","10 Jul 2026","https://www.google.com/maps/search/?api=1&query=Alwar%2C%20Rajasthan","No","","Unassigned"
"IKF-S6-006","Season 6","Rajasthan","Bharatpur","","Bharatpur, Rajasthan","10 Jul 2026","https://www.google.com/maps/search/?api=1&query=Bharatpur%2C%20Rajasthan","No","","Unassigned"
"IKF-S6-006","Season 6","Rajasthan","Bhilwara","","Bhilwara, Rajasthan","10 Jul 2026","https://www.google.com/maps/search/?api=1&query=Bhilwara%2C%20Rajasthan","No","","Unassigned"
"IKF-S6-006","Season 6","Rajasthan","Dausa","","Dausa, Rajasthan","10 Jul 2026","https://www.google.com/maps/search/?api=1&query=Dausa%2C%20Rajasthan","No","","Unassigned"
"IKF-S6-006","Season 6","Rajasthan","Jaipur","","Jaipur, Rajasthan","10 Jul 2026","https://www.google.com/maps/search/?api=1&query=Jaipur%2C%20Rajasthan","No","","Unassigned"
"IKF-S6-006","Season 6","Rajasthan","Jaisalmer","","Jaisalmer, Rajasthan","10 Jul 2026","https://www.google.com/maps/search/?api=1&query=Jaisalmer%2C%20Rajasthan","No","","Unassigned"
"IKF-S6-006","Season 6","Rajasthan","Jodhpur","","Jodhpur, Rajasthan","10 Jul 2026","https://www.google.com/maps/search/?api=1&query=Jodhpur%2C%20Rajasthan","No","","Unassigned"
"IKF-S6-006","Season 6","Rajasthan","Kota","","Kota, Rajasthan","10 Jul 2026","https://www.google.com/maps/search/?api=1&query=Kota%2C%20Rajasthan","No","","Unassigned"
"IKF-S6-006","Season 6","Rajasthan","Nagaur","","Nagaur, Rajasthan","10 Jul 2026","https://www.google.com/maps/search/?api=1&query=Nagaur%2C%20Rajasthan","No","","Unassigned"
"IKF-S6-006","Season 6","Rajasthan","Pali","","Pali, Rajasthan","10 Jul 2026","https://www.google.com/maps/search/?api=1&query=Pali%2C%20Rajasthan","No","","Unassigned"
"IKF-S6-006","Season 6","Rajasthan","Udaipur","","Udaipur, Rajasthan","10 Jul 2026","https://www.google.com/maps/search/?api=1&query=Udaipur%2C%20Rajasthan","No","","Unassigned"
"TRI-S6-001","Season 6","Gujarat","Vadodara","","Vadodara, Gujarat","10 Jul 2026","https://www.google.com/maps/search/?api=1&query=Vadodara%2C%20Gujarat","No","Physical Evolution","Assigned"
"TRI-S6-001","Season 6","Maharashtra","Pune","","Pune, Maharashtra","10 Jul 2026","https://www.google.com/maps/search/?api=1&query=Pune%2C%20Maharashtra","No","4 Lions Academy","Assigned"
"TRI-S6-001","Season 6","Uttar Pradesh","Aligarh","","Aligarh, Uttar Pradesh","10 Jul 2026","https://www.google.com/maps/search/?api=1&query=Aligarh%2C%20Uttar%20Pradesh","No","United Football Academy","Assigned"
"IKF-S6-006","Season 6","Rajasthan","Chittaurgarh","","Chittaurgarh, Rajasthan","27 Jul 2026","https://www.google.com/maps/search/?api=1&query=Chittaurgarh%2C%20Rajasthan","Yes","Morning Football Academy","Assigned"
"TRI-S6-001","Season 6","Haryana","Fatehabad, Dhingsara","Play Ground Dhingsara","Play Ground Dhingsara, 125053","28 Jul 2026","https://maps.app.goo.gl/LUGRY6kMYQ3iF7ri7?g_st=aw","Yes","Dhingsara Football Club","Assigned"
"IKF-S6-006","Season 6","Madhya Pradesh","Gwalior","","Gwalior, Madhya Pradesh","30 Jul 2026","https://www.google.com/maps/search/?api=1&query=Gwalior%2C%20Madhya%20Pradesh","Yes","","Unassigned"
"IKF-S6-004","Season 6","Karnataka","Davanagere","Karunadu Football Club","Karunadu Football Club, at Lourdes Boys School,  Church Road, Near Saint Thomas Church,  , Prince Jaychamaraj Wodeyar  Extension, Davangere. KARNATAKA, 577002","02 Aug 2026","https://share.google/nCLGO4PJ3VeE4Nqry","Yes","Karunada FC","Assigned"
"IKF-S6-001","Season 6","Bihar","Patna, CBSE Clusters","","Patna, CBSE Clusters, Bihar","02 Aug 2026","https://www.google.com/maps/search/?api=1&query=Patna%2C%20CBSE%20Clusters%2C%20Bihar","Yes","","Unassigned"
"IKF-S6-004","Season 6","Karnataka","Bengaluru, North","Rebels Football Academy","Rebels Football Academy, Devanahalli, Bengaluru, Karnataka 562135","30 Aug 2026","https://maps.app.goo.gl/pZDTBYP28q1GTam2A?g_st=ic","Yes","Rebels FC","Assigned"
"IKF-S6-004","Season 6","Karnataka","Dharwad","KCD Ground","KCD Ground, Dharwad","30 Aug 2026","https://maps.app.goo.gl/oBS9https://maps.app.goo.gl/oBS9wHjG8unTtuMg7?g_st=awwHjG8unTtuMg7?g_st=aw","Yes","Dharwad District Football Association","Assigned"
"IKF-S6-008","Season 6","Rajasthan","Bikaner","","Bikaner, Rajasthan","06 Sept 2026","https://www.google.com/maps/search/?api=1&query=Bikaner%2C%20Rajasthan","Yes","Master Bacchi Club","Assigned"
"IKF-S6-006","Season 6","Rajasthan","Bikaner","","Bikaner, Rajasthan","06 Sept 2026","https://www.google.com/maps/search/?api=1&query=Bikaner%2C%20Rajasthan","Yes","","Unassigned"
"IKF-S6-004","Season 6","Karnataka","Bengaluru, South","The Sports School","The Sports School, Karnataka 562112","06 Sept 2026","https://maps.app.goo.gl/mvDQRKN9KfAwEApp9","Yes","The Sports School","Assigned"
"IKF-S6-004","Season 6","Karnataka","Karwar","Maladevi Ground Karwar 581301","Maladevi Ground Karwar 581301","06 Sept 2026","https://maps.app.goo.gl/v6UgYz5ksWyTGe3K6?g_st=awb","Yes","Bold and Dynamic Sports Club","Assigned"
"IKF-S6-004","Season 6","Karnataka","Mysuru","PUTTARAJU GAVAYI STADIUM","PUTTARAJU GAVAYI STADIUM, J.P.NAGAR, MYSORE","06 Sept 2026","https://share.google/scpoVHPIuDDsxeM6Z","Yes","Titans FC","Assigned"
"TRI-S6-001","Season 6","Delhi","Delhi","","Delhi, Delhi","06 Sept 2026","https://www.google.com/maps/search/?api=1&query=Delhi%2C%20Delhi","No","","Unassigned"
"TRI-S6-001","Season 6","Maharashtra","Nashik","Nashik juniors football Ground","Nashik juniors football Ground , Fravashi Town Academy , Sharanpur road Nashik","06 Sept 2026","https://maps.app.goo.gl/xAYTVXrbc8D9X5D19?g_st=awb","Yes","Box2Box Sports","Assigned"
"IKF-S6-006","Season 6","Rajasthan","Churu","","Churu, Rajasthan","10 Sept 2026","https://www.google.com/maps/search/?api=1&query=Churu%2C%20Rajasthan","No","","Unassigned"
"IKF-S6-002","Season 6","Uttar Pradesh","Meerut","","Meerut, Uttar Pradesh","10 Sept 2026","https://www.google.com/maps/search/?api=1&query=Meerut%2C%20Uttar%20Pradesh","No","","Unassigned"
"TRI-S6-001","Season 6","Jharkhand","Bokaro","","Bokaro, Jharkhand","10 Sept 2026","https://www.google.com/maps/search/?api=1&query=Bokaro%2C%20Jharkhand","No","Salience Foundation","Assigned"
"TRI-S6-001","Season 6","Jharkhand","Dhanbad","","Dhanbad, Jharkhand","10 Sept 2026","https://www.google.com/maps/search/?api=1&query=Dhanbad%2C%20Jharkhand","No","Salience Foundation","Assigned"
"TRI-S6-001","Season 6","Jharkhand","Gumla","","Gumla, Jharkhand","10 Sept 2026","https://www.google.com/maps/search/?api=1&query=Gumla%2C%20Jharkhand","No","Salience Foundation","Assigned"
"TRI-S6-001","Season 6","Jharkhand","Hazaribagh","","Hazaribagh, Jharkhand","10 Sept 2026","https://www.google.com/maps/search/?api=1&query=Hazaribagh%2C%20Jharkhand","No","Salience Foundation","Assigned"
"TRI-S6-001","Season 6","Jharkhand","Jamshedpur","","Jamshedpur, Jharkhand","10 Sept 2026","https://www.google.com/maps/search/?api=1&query=Jamshedpur%2C%20Jharkhand","No","Salience Foundation","Assigned"
"TRI-S6-001","Season 6","Tamil Nadu","Chennai","","Chennai, Tamil Nadu","10 Sept 2026","https://www.google.com/maps/search/?api=1&query=Chennai%2C%20Tamil%20Nadu","No","","Unassigned"
"IKF-S6-008","Season 6","Rajasthan","Ganganagar","","Ganganagar, Rajasthan","12 Sept 2026","https://www.google.com/maps/search/?api=1&query=Ganganagar%2C%20Rajasthan","Yes","","Unassigned"
"IKF-S6-006","Season 6","Rajasthan","Ganganagar","Golden Rays Public School","Golden Rays Public School, Hindumal Kot Road, 5 Y, Sri Ganganagar, Rajasthan 335001","12 Sept 2026","https://maps.app.goo.gl/FaDVoSUdew14WzQ5A","Yes","Falcons Football Academy","Assigned"
"IKF-S6-006","Season 6","Rajasthan","Hanumangarh","","Hanumangarh, Rajasthan","13 Sept 2026","https://www.google.com/maps/search/?api=1&query=Hanumangarh%2C%20Rajasthan","No","","Unassigned"
"IKF-S6-006","Season 6","Rajasthan","Nohar","","Nohar, Rajasthan","13 Sept 2026","https://www.google.com/maps/search/?api=1&query=Nohar%2C%20Rajasthan","No","","Unassigned"
"TRI-S6-001","Season 6","Uttar Pradesh","Dhampur","Priyanka modern school","Priyanka modern school","13 Sept 2026","https://share.google/yw7CyhbYRooTXvR1j","Yes","Meerut Youth Football Academy","Assigned"
"IKF-S6-006","Season 6","Rajasthan","Jhunjhunun","","Jhunjhunun, Rajasthan","19 Sept 2026","https://www.google.com/maps/search/?api=1&query=Jhunjhunun%2C%20Rajasthan","No","Muradpur FC","Assigned"
"IKF-S6-008","Season 6","Rajasthan","Sikar","","Sikar, Rajasthan","20 Sept 2026","https://www.google.com/maps/search/?api=1&query=Sikar%2C%20Rajasthan","Yes","","Unassigned"
"IKF-S6-006","Season 6","Madhya Pradesh","Jabalpur","","Jabalpur, Madhya Pradesh","20 Sept 2026","https://www.google.com/maps/search/?api=1&query=Jabalpur%2C%20Madhya%20Pradesh","No","","Unassigned"
"IKF-S6-006","Season 6","Rajasthan","Sikar","","Sikar, Rajasthan","20 Sept 2026","https://www.google.com/maps/search/?api=1&query=Sikar%2C%20Rajasthan","Yes","","Unassigned"
"TRI-S6-001","Season 6","Puducherry","Puducherry","PAP Police Ground","PAP Police Ground, Gorimedu, Pondicherry","20 Sept 2026","https://maps.app.goo.gl/Gjzbmv96hgSbezCP6?g_st=ac","No","National Human Resource Foundation","Assigned"
"TRI-S6-001","Season 6","Kerala","Thiruvananthapuram","","Thiruvananthapuram, Kerala","26 Sept 2026","https://www.google.com/maps/search/?api=1&query=Thiruvananthapuram%2C%20Kerala","Yes","","Unassigned"
"IKF-S6-005","Season 6","Assam","Kokrajhar","TITAGURI HIGH SCHOOL","TITAGURI HIGH SCHOOL, KOKRAJHAR","27 Sept 2026","https://maps.app.goo.gl/CysY4d6Z7F3nPH978","Yes","Tribal Sports Football Academy","Assigned"
"IKF-S6-004","Season 6","Karnataka","Bengaluru, Central","","Bengaluru, Central, Karnataka","27 Sept 2026","https://www.google.com/maps/search/?api=1&query=Bengaluru%2C%20Central%2C%20Karnataka","Yes","","Unassigned"
"TRI-S6-001","Season 6","Jammu and Kashmir","Srinagar","WHS Sports Hub","WHS Sports Hub, Sonwar Bagh, Srinagar 190001 (J&K)","27 Sept 2026","https://g.co/kgs/1gBouHC","Yes","WHS Sports Hub","Assigned"
"TRI-S6-001","Season 6","Tamil Nadu","Tiruchirappalli","","Tiruchirappalli, Tamil Nadu","27 Sept 2026","https://www.google.com/maps/search/?api=1&query=Tiruchirappalli%2C%20Tamil%20Nadu","No","Shaz Football Academy","Assigned"
"IKF-S6-004","Season 6","Karnataka","Udupi","","Udupi, Karnataka","30 Sept 2026","https://www.google.com/maps/search/?api=1&query=Udupi%2C%20Karnataka","No","","Unassigned"
"IKF-S6-008","Season 6","Rajasthan","Nimbahera","Dr Shyama Prasad Mukherjee Stadium(Janta Maidan)  Nimbahera","Dr Shyama Prasad Mukherjee Stadium(Janta Maidan)  Nimbahera, Chitttoragrh","03 Oct 2026","https://maps.app.goo.gl/SeNbakqLEgv5WVNp6","Yes","NFA","Assigned"
"IKF-S6-006","Season 6","Madhya Pradesh","Indore","Parasrampuriya Academy","Parasrampuriya Academy, Rajmohalla near Gangwal Bus Stand, Indore, 452002","04 Oct 2026","https://maps.app.goo.gl/XwbTwcdTvgZCfsCi9?g_st=iw","Yes","Best Stars","Assigned"
"IKF-S6-006","Season 6","Rajasthan","Nimbahera","Dr Shyama Prasad Mukherjee Stadium(Janta Maidan)  Nimbahera","Dr Shyama Prasad Mukherjee Stadium(Janta Maidan)  Nimbahera, Chitttoragrh","04 Oct 2026","https://maps.app.goo.gl/SeNbakqLEgv5WVNp6","Yes","NFA","Assigned"
"IKF-S6-004","Season 6","Karnataka","Shimoga","Nehru Stadium","Nehru Stadium, Jayanagar, Karnataka","04 Oct 2026","https://maps.app.goo.gl/WH4ASexhumTvT42VA?g_st=aw","Yes","Shimoga DFA","Assigned"
"TRI-S6-001","Season 6","Bihar","Saharsa","Saharsa Stadium","Saharsa Stadium, Matashyagandha Rd, Police Line, Saharsa, Bihar 852202","04 Oct 2026","https://maps.app.goo.gl/GJQhpYfZgPmPuXZu7?g_st=ac","Yes","Town FC","Assigned"
"TRI-S6-001","Season 6","Maharashtra","Ahmednagar","","Ahmednagar, Maharashtra","04 Oct 2026","https://www.google.com/maps/search/?api=1&query=Ahmednagar%2C%20Maharashtra","Yes","Namoh FC","Assigned"
"TRI-S6-001","Season 6","Uttar Pradesh","Meerut, Workshop 1","","Meerut, Workshop 1, Uttar Pradesh","05 Oct 2026","https://www.google.com/maps/search/?api=1&query=Meerut%2C%20Workshop%201%2C%20Uttar%20Pradesh","No","","Unassigned"
"TRI-S6-001","Season 6","Uttar Pradesh","Meerut, Workshop 2","","Meerut, Workshop 2, Uttar Pradesh","06 Oct 2026","https://www.google.com/maps/search/?api=1&query=Meerut%2C%20Workshop%202%2C%20Uttar%20Pradesh","No","","Unassigned"
"TRI-S6-001","Season 6","Bihar","Purnia","","Purnia, Bihar","07 Oct 2026","https://www.google.com/maps/search/?api=1&query=Purnia%2C%20Bihar","Yes","Vidya Vihar Football Academy","Assigned"
"TRI-S6-001","Season 6","Uttar Pradesh","Meerut, Workshop 3","","Meerut, Workshop 3, Uttar Pradesh","07 Oct 2026","https://www.google.com/maps/search/?api=1&query=Meerut%2C%20Workshop%203%2C%20Uttar%20Pradesh","No","","Unassigned"
"TRI-S6-001","Season 6","Uttar Pradesh","Meerut, Workshop 4","","Meerut, Workshop 4, Uttar Pradesh","08 Oct 2026","https://www.google.com/maps/search/?api=1&query=Meerut%2C%20Workshop%204%2C%20Uttar%20Pradesh","No","","Unassigned"
"TRI-S6-001","Season 6","Uttar Pradesh","Meerut, Workshop 5","","Meerut, Workshop 5, Uttar Pradesh","09 Oct 2026","https://www.google.com/maps/search/?api=1&query=Meerut%2C%20Workshop%205%2C%20Uttar%20Pradesh","No","","Unassigned"
"IKF-S6-005","Season 6","Assam","Guwahati","","Guwahati, Assam","10 Oct 2026","https://www.google.com/maps/search/?api=1&query=Guwahati%2C%20Assam","No","","Unassigned"
"IKF-S6-005","Season 6","Meghalaya","Shillong","Umroh Mawkasiang Football Ground","Umroh Mawkasiang Football Ground, New Shillong","10 Oct 2026","https://maps.app.goo.gl/jsxU9tBDJN2GGWip6?g_st=iw","No","4 For All","Assigned"
"IKF-S6-001","Season 6","Uttar Pradesh","Meerut","","Meerut, Uttar Pradesh","10 Oct 2026","https://www.google.com/maps/search/?api=1&query=Meerut%2C%20Uttar%20Pradesh","No","Meerut Youth Football Academy","Assigned"
"TRI-S6-001","Season 6","Gujarat","Ahmedabad","","Ahmedabad, Gujarat","10 Oct 2026","https://www.google.com/maps/search/?api=1&query=Ahmedabad%2C%20Gujarat","No","Rising Sun Soccer Academy","Assigned"
"TRI-S6-001","Season 6","Gujarat","Rajkot","","Rajkot, Gujarat","10 Oct 2026","https://www.google.com/maps/search/?api=1&query=Rajkot%2C%20Gujarat","No","Physical Evolution","Assigned"
"TRI-S6-001","Season 6","Gujarat","Surat","","Surat, Gujarat","10 Oct 2026","https://www.google.com/maps/search/?api=1&query=Surat%2C%20Gujarat","No","Physical Evolution","Assigned"
"TRI-S6-001","Season 6","Jharkhand","Dumka","","Dumka, Jharkhand","10 Oct 2026","https://www.google.com/maps/search/?api=1&query=Dumka%2C%20Jharkhand","No","Salience Foundation","Assigned"
"TRI-S6-001","Season 6","Jharkhand","Lohardaga","","Lohardaga, Jharkhand","10 Oct 2026","https://www.google.com/maps/search/?api=1&query=Lohardaga%2C%20Jharkhand","No","Salience Foundation","Assigned"
"TRI-S6-001","Season 6","Jharkhand","Noamundi","","Noamundi, Jharkhand","10 Oct 2026","https://www.google.com/maps/search/?api=1&query=Noamundi%2C%20Jharkhand","No","Salience Foundation","Assigned"
"TRI-S6-001","Season 6","Maharashtra","Mumbai, Western","","Mumbai, Western, Maharashtra","10 Oct 2026","https://www.google.com/maps/search/?api=1&query=Mumbai%2C%20Western%2C%20Maharashtra","No","","Unassigned"
"TRI-S6-001","Season 6","Maharashtra","Mumbai, Harbour","","Mumbai, Harbour, Maharashtra","10 Oct 2026","https://www.google.com/maps/search/?api=1&query=Mumbai%2C%20Harbour%2C%20Maharashtra","No","","Unassigned"
"TRI-S6-001","Season 6","Maharashtra","Mumbai, Central","","Mumbai, Central, Maharashtra","10 Oct 2026","https://www.google.com/maps/search/?api=1&query=Mumbai%2C%20Central%2C%20Maharashtra","No","","Unassigned"
"TRI-S6-001","Season 6","Telangana","Hyderabad","","Hyderabad, Telangana","10 Oct 2026","https://www.google.com/maps/search/?api=1&query=Hyderabad%2C%20Telangana","No","Hyderabad Little Stars Soccer Academy","Assigned"
"TRI-S6-001","Season 6","Haryana","Yamunanagar","Sant Nischal Singh Public School","Sant Nischal Singh Public School, Yamunanagar","11 Oct 2026","https://g.co/kgs/Y5qcbQN","Yes","Narender Thapa Football Academy","Assigned"
"TRI-S6-001","Season 6","Jammu and Kashmir","Jammu","Mini Stadium Parade Ground","Mini Stadium Parade Ground, Jammu","11 Oct 2026","https://maps.app.goo.gl/CEkUuVQLtCjzYb1R6","Yes","Isle of Ball","Assigned"
"TRI-S6-001","Season 6","Uttar Pradesh","Meerut","K.L International School","K.L International School, Meerut, UP","11 Oct 2026","https://maps.app.goo.gl/N3MaAisQiJHTnB3o7?g_st=ipc","Yes","Meerut Youth Football Academy","Assigned"
"IKF-S6-004","Season 6","Karnataka","Kalaburgi, Gulbarga","KCT Ground beside Pharmacy building","KCT Ground beside Pharmacy building,Gulbarga","18 Oct 2026","https://maps.app.goo.gl/W3kfueueqm4b4drP6?g_st=ic","Yes","Etihad Football Academy","Assigned"
"TRI-S6-001","Season 6","Maharashtra","Aurangabad","Fountainhead Wockhardt Global School","Fountainhead Wockhardt Global School, 1, SEZ, Five star, E-1/NP, Shendra MIDC, Industrial Estate, 431154","18 Oct 2026","https://g.co/kgs/6MuHV1W","Yes","Impact Football Academy","Assigned"
"IKF-S6-004","Season 6","Karnataka","Belagavi","TurfKA22 Camp","TurfKA22 Camp, Belgaum (Entry from Cantonment General Hospital)","24 Oct 2026","https://maps.app.goo.gl/LXKxLtPJ2GzWEkpE7","Yes","Beta Sports Academy","Assigned"
"TRI-S6-001","Season 6","Uttar Pradesh","Lucknow","Footify Soccer Academy - Golf City Lucknow","Footify Soccer Academy - Golf City Lucknow, UP - 226030","30 Oct 2026","https://maps.app.goo.gl/HBDjNpa4xyo7Stqb9?g_st=ic","Yes","Footify Soccer Academy","Assigned"
"IKF-S6-006","Season 6","Andhra Pradesh","Tirupati","","Tirupati, Andhra Pradesh","01 Nov 2026","https://www.google.com/maps/search/?api=1&query=Tirupati%2C%20Andhra%20Pradesh","No","South Clan FC","Assigned"
"TRI-S6-001","Season 6","Maharashtra","Nagpur","Xciteplay club","Xciteplay club, 516/A, Katol Rd, KT Nagar, Nagpur, Maharashtra 440013","01 Nov 2026","https://maps.app.goo.gl/k5vW5NRAQEatqxqY9","Yes","Xciteplay FC","Assigned"
"IKF-S6-006","Season 6","Andhra Pradesh","Chittoor","","Chittoor, Andhra Pradesh","02 Nov 2026","https://www.google.com/maps/search/?api=1&query=Chittoor%2C%20Andhra%20Pradesh","No","South Clan FC","Assigned"
"IKF-S6-006","Season 6","Andhra Pradesh","Nellore","","Nellore, Andhra Pradesh","03 Nov 2026","https://www.google.com/maps/search/?api=1&query=Nellore%2C%20Andhra%20Pradesh","No","South Clan FC","Assigned"
"IKF-S6-006","Season 6","Andhra Pradesh","Hindupur","","Hindupur, Andhra Pradesh","07 Nov 2026","https://www.google.com/maps/search/?api=1&query=Hindupur%2C%20Andhra%20Pradesh","No","South Clan FC","Assigned"
"IKF-S6-008","Season 6","Andhra Pradesh","Anantapur","","Anantapur, Andhra Pradesh","08 Nov 2026","https://www.google.com/maps/search/?api=1&query=Anantapur%2C%20Andhra%20Pradesh","No","South Clan FC","Assigned"
"IKF-S6-006","Season 6","Andhra Pradesh","Anantapur","","Anantapur, Andhra Pradesh","08 Nov 2026","https://www.google.com/maps/search/?api=1&query=Anantapur%2C%20Andhra%20Pradesh","No","South Clan FC","Assigned"
"IKF-S6-004","Season 6","Karnataka","Kodagu","INS sports Centre - Guddehosur","INS sports Centre - Guddehosur","08 Nov 2026","https://maps.app.goo.gl/P5k4eutuNitX5XxK6","Yes","Kodagu FC","Assigned"
"IKF-S6-006","Season 6","Andhra Pradesh","Dharmavaram","","Dharmavaram, Andhra Pradesh","09 Nov 2026","https://www.google.com/maps/search/?api=1&query=Dharmavaram%2C%20Andhra%20Pradesh","No","South Clan FC","Assigned"
"IKF-S6-006","Season 6","Andhra Pradesh","Kalyandurg","","Kalyandurg, Andhra Pradesh","10 Nov 2026","https://www.google.com/maps/search/?api=1&query=Kalyandurg%2C%20Andhra%20Pradesh","No","South Clan FC","Assigned"
"IKF-S6-006","Season 6","Rajasthan","Ajmer","","Ajmer, Rajasthan","10 Nov 2026","https://www.google.com/maps/search/?api=1&query=Ajmer%2C%20Rajasthan","No","","Unassigned"
"IKF-S6-006","Season 6","Rajasthan","Kekri","","Kekri, Rajasthan","10 Nov 2026","https://www.google.com/maps/search/?api=1&query=Kekri%2C%20Rajasthan","No","","Unassigned"
"TRI-S6-001","Season 6","Jharkhand","Chaibasa","","Chaibasa, Jharkhand","10 Nov 2026","https://www.google.com/maps/search/?api=1&query=Chaibasa%2C%20Jharkhand","No","Salience Foundation","Assigned"
"TRI-S6-001","Season 6","Jharkhand","Ranchi","","Ranchi, Jharkhand","10 Nov 2026","https://www.google.com/maps/search/?api=1&query=Ranchi%2C%20Jharkhand","No","Salience Foundation","Assigned"
"TRI-S6-001","Season 6","Maharashtra","Sangli","MATOSHREE TANUBAI DAGADU KHADE ENGLISH SCHOOL& JR  COLLEGE MIRAJ","MATOSHREE TANUBAI DAGADU KHADE ENGLISH SCHOOL& JR  COLLEGE MIRAJ","10 Nov 2026","https://share.google/iiSyGtDlO5c8UlIlc","No","MATOSHREE TANUBAI DAGADU KHADE ENGLISH SCHOOL& JR  COLLEGE MIRAJ","Assigned"
"TRI-S6-001","Season 6","Madhya Pradesh","Indore, MP Finals","","Indore, MP Finals, Madhya Pradesh","10 Nov 2026","https://www.google.com/maps/search/?api=1&query=Indore%2C%20MP%20Finals%2C%20Madhya%20Pradesh","No","","Unassigned"
"TRI-S6-001","Season 6","Uttarakhand","Dehradun","","Dehradun, Uttarakhand","10 Nov 2026","https://www.google.com/maps/search/?api=1&query=Dehradun%2C%20Uttarakhand","No","","Unassigned"
"IKF-S6-006","Season 6","Andhra Pradesh","Guntakal Junction","","Guntakal Junction, Andhra Pradesh","11 Nov 2026","https://www.google.com/maps/search/?api=1&query=Guntakal%20Junction%2C%20Andhra%20Pradesh","No","South Clan FC","Assigned"
"IKF-S6-006","Season 6","Andhra Pradesh","Kurnool","","Kurnool, Andhra Pradesh","13 Nov 2026","https://www.google.com/maps/search/?api=1&query=Kurnool%2C%20Andhra%20Pradesh","No","South Clan FC","Assigned"
"IKF-S6-006","Season 6","Andhra Pradesh","Vijayawada","","Vijayawada, Andhra Pradesh","15 Nov 2026","https://www.google.com/maps/search/?api=1&query=Vijayawada%2C%20Andhra%20Pradesh","No","South Clan FC","Assigned"
"IKF-S6-004","Season 6","Karnataka","Bengaluru, Namma Karnataka Finals","","Bengaluru, Namma Karnataka Finals, Karnataka","15 Nov 2026","https://www.google.com/maps/search/?api=1&query=Bengaluru%2C%20Namma%20Karnataka%20Finals%2C%20Karnataka","No","","Unassigned"
"TRI-S6-001","Season 6","Delhi","Delhi, North Zonals","","Delhi, North Zonals, Delhi","15 Nov 2026","https://www.google.com/maps/search/?api=1&query=Delhi%2C%20North%20Zonals%2C%20Delhi","No","","Unassigned"
"IKF-S6-008","Season 6","Andhra Pradesh","Narasaraopet","","Narasaraopet, Andhra Pradesh","16 Nov 2026","https://www.google.com/maps/search/?api=1&query=Narasaraopet%2C%20Andhra%20Pradesh","No","South Clan FC","Assigned"
"IKF-S6-006","Season 6","Andhra Pradesh","Bhimavaram","","Bhimavaram, Andhra Pradesh","18 Nov 2026","https://www.google.com/maps/search/?api=1&query=Bhimavaram%2C%20Andhra%20Pradesh","No","South Clan FC","Assigned"
"IKF-S6-006","Season 6","Andhra Pradesh","Kakinada","","Kakinada, Andhra Pradesh","20 Nov 2026","https://www.google.com/maps/search/?api=1&query=Kakinada%2C%20Andhra%20Pradesh","No","South Clan FC","Assigned"
"TRI-S6-001","Season 6","Maharashtra","Mumbai, West Zonal","","Mumbai, West Zonal, Maharashtra","21 Nov 2026","https://www.google.com/maps/search/?api=1&query=Mumbai%2C%20West%20Zonal%2C%20Maharashtra","No","","Unassigned"
"TRI-S6-001","Season 6","Meghalaya","Shillong, North East Zonals","","Shillong, North East Zonals, Meghalaya","21 Nov 2026","https://www.google.com/maps/search/?api=1&query=Shillong%2C%20North%20East%20Zonals%2C%20Meghalaya","No","","Unassigned"
"TRI-S6-001","Season 6","Uttar Pradesh","Varanasi","Saraswati Higher Education and Technical College of Pharmacy","Saraswati Higher Education and Technical College of Pharmacy","21 Nov 2026","https://g.co/kgs/K7gmptD","Yes","UPSC","Assigned"
"IKF-S6-006","Season 6","Andhra Pradesh","Rajahmundry","","Rajahmundry, Andhra Pradesh","22 Nov 2026","https://www.google.com/maps/search/?api=1&query=Rajahmundry%2C%20Andhra%20Pradesh","No","South Clan FC","Assigned"
"TRI-S6-001","Season 6","West Bengal","Kolkata","Netajii Sports Complex","Netajii Sports Complex","22 Nov 2026","https://maps.app.goo.gl/t7UoFzhXx3ghWK7VA?g_st=ic","Yes","Dynamic Football Academy","Assigned"
"IKF-S6-006","Season 6","Andhra Pradesh","Tuni","","Tuni, Andhra Pradesh","24 Nov 2026","https://www.google.com/maps/search/?api=1&query=Tuni%2C%20Andhra%20Pradesh","No","South Clan FC","Assigned"
"IKF-S6-006","Season 6","Andhra Pradesh","Visakhapatnam","","Visakhapatnam, Andhra Pradesh","29 Nov 2026","https://www.google.com/maps/search/?api=1&query=Visakhapatnam%2C%20Andhra%20Pradesh","No","South Clan FC","Assigned"